CompanyID,cc,year,revenue,employee_growth1,employee_growth2,ihc,alexa_rank,ownership,business_model,certified_active_company,total_funding,recent_funding,recent_funding_date,number_locations,company_acquired,it_budget,lifetime_billing_sum,sum_not_shifted,count,label,billing_location_ratio
1475361,Y,3.4011973816621555,20.103454618188294,0.0,0.0,retail,2.4849066497880004,0,0,1,10.778977123006351,10.778977123006351,9.179778066393542,3.6375861597263857,0,0.14880618840279625,2.9450978489999997,2.630822173,4,1.0,0.7362744622499999
16400573,Y,3.258096538021482,19.363554986371273,0.0,0.0,software,0.6931471805599453,1,0,1,14.470488991860117,14.45736497045232,8.86007342433278,4.5217885770490405,0,0.1542456143859092,0.295240776,0.138102938,2,1.0,0.147620388
246280,Y,3.5553480614894135,17.960935041811577,0.0,0.0,bizservice,8.207674424355282,0,0,1,14.346139397261565,14.346139397261565,9.00859131751613,3.912023005428146,0,0.2570506087395079,6.83599404,6.757425121,1,1.0,6.83599404
43076614,Y,3.2188758248682006,19.712980312516677,0.05354076692802976,0.071389996086673,energy,11.179590302582158,0,0,1,0.0,0.0,9.078065332666364,3.367295829986474,0,0.2809922153191764,13.104293379,13.02572446,1,1.0,13.104293379
126828694,Y,3.713572066704308,18.734286385690506,0.0,0.0,telecom,6.298949246855942,0,0,1,0.0,0.0,9.588845298501564,4.02535169073515,0,0.24245332684960497,26.020029614000002,25.470047181,7,1.0,3.717147087714286
105562330,Y,3.4011973816621555,18.192160275392723,0.0,0.0,telecom,5.442417710521793,0,0,1,17.45714380664084,15.201805169084134,7.141245122350491,4.406719247264253,0,0.24220119617692593,5.275229939,5.118092101,2,1.0,2.6376149695
28117851,Y,3.367295829986474,18.643144680380686,0.0,0.0,telecom,7.926602599181384,0,0,1,16.672555369182625,12.429220196836383,7.30854279753919,2.5649493574615367,0,0.23914771202075016,0.005715059999999994,-0.072853859,1,0.0,0.005715059999999994
3194954,Y,3.713572066704308,18.609158321839846,0.0,0.0,telecom,5.4510384535657,0,0,1,16.176364653421913,16.176364653421913,9.061956366209925,4.0943445622221,0,0.24063581007277013,3.322376441,2.7723940079999996,7,1.0,0.47462520585714285
2555990,Y,4.51085950651685,20.219555271017303,0.0,0.0,energy,10.374553117728242,1,0,1,0.0,0.0,10.39973746484973,1.791759469228055,0,0.2814880912125283,1.581661659,1.50309274,1,1.0,1.581661659
8929846,Y,4.110873864173311,18.614823825368514,0.0962188577405429,0.06485097231961627,conglomerate,9.465989834846651,0,0,1,10.404596118238738,10.308985993422082,6.437751649736401,3.6635616461296463,0,0.2388469245981809,1.398876697,1.006032102,5,1.0,0.2797753394
62637459,Y,4.718498871295094,17.160672048463272,-0.00904074465214907,0.013902905168991434,insurance,8.921190556249368,1,0,1,0.0,0.0,10.609452236806687,3.8066624897703196,0,0.275961969120067,0.132023006,0.053454087,1,1.0,0.132023006
44322135,Y,4.543294782270004,16.4495548432433,0.0,0.0,telecom,9.684522758043336,1,0,1,0.0,0.0,10.432526305721476,3.258096538021482,0,0.23925259664266124,0.169850915,0.012713077,2,1.0,0.0849254575
32394811,Y,2.995732273553991,17.87660871592372,0.3541718137206139,0.0,media,1.3862943611198906,1,0,1,16.71143360114677,16.588536747001502,8.346642090221199,3.091042453358316,0,0.1535647380101979,4.520996676999999,4.206721001,4,1.0,1.1302491692499999
27181208,Y,3.295836866004329,17.269159677758847,-0.0010005003335835344,-0.01005033585350145,media,3.4011973816621555,0,0,1,16.63361659443824,13.815511557963774,7.1846291527173145,3.044522437723423,0,0.24160678846958747,0.854235589,0.697097751,2,1.0,0.4271177945
68799582,Y,2.70805020110221,18.064016885666472,0.002995508979798371,-0.00904074465214907,mfg,12.717688956620538,1,0,1,13.018568302471207,13.018568302471207,8.195057690895077,3.1354942159291497,0,0.2438710170810765,0.295663782,0.217094863,1,1.0,0.295663782
7503938,Y,3.8066624897703196,15.761880886834899,0.0,0.0,software,10.611277009832943,0,0,1,5.5254529391317835,5.5254529391317835,9.511333458487636,3.258096538021482,1,0.16954767246827127,0.38098677000000003,0.302417851,1,1.0,0.38098677000000003
18796172,Y,3.7612001156935624,16.316946591670696,0.18315454309784654,0.33718626735486995,media,7.00669522683704,1,0,1,0.0,0.0,9.637632201310455,3.2188758248682006,0,0.3223773218940455,0.339899528,0.18276169,2,1.0,0.169949764
89440718,Y,3.9318256327243257,16.581137666807123,-0.00904074465214907,0.06391332574365285,insurance,12.841174842893086,0,1,1,12.323860125621126,12.323860125621126,8.989818381366925,2.9444389791664403,0,0.279701808743965,1.182512934,1.025375096,2,1.0,0.591256467
190857276,Y,2.9444389791664403,15.625401323952882,0.0,0.0,telecom,10.989166565792338,1,0,1,13.445353711651007,12.429220196836383,5.910796644040527,3.6888794541139363,0,0.2412904381376944,8.965774552,8.494361038000001,6,1.0,1.4942957586666665
77939460,Y,4.9344739331306915,15.228936262867862,0.0,0.0,bizservice,11.550462068498954,0,0,1,13.11211302154816,8.38958706681109,8.470730317005897,3.258096538021482,0,0.16908775862794462,0.366399702,0.287830783,1,1.0,0.366399702
20467876,Y,4.007333185232471,15.83281083612035,0.03825871211709027,0.12221763272424911,bizservice,11.563799171343039,0,0,1,0.0,0.0,9.888932134526929,4.836281906951478,0,0.17431268530965496,0.123699188,0.045130269,1,1.0,0.123699188
61949294,Y,4.02535169073515,16.56207615944261,0.0,0.0,telecom,10.854102413454237,0,0,1,0.0,0.0,9.907280350774824,3.1354942159291497,1,0.238550118093611,3.2275300729999996,2.67754764,7,1.0,0.46107572471428565
13206029,Y,3.258096538021482,15.798318119001976,0.0,0.0,bizservice,10.915270265869504,0,0,1,12.388398368982115,12.388398368982115,9.049584593096789,3.4339872044851463,0,0.1779029025995396,9.277985404,9.120847566,2,1.0,4.638992702
20054213,Y,4.48863636973214,15.615387160613578,0.016857117066422806,0.044973365642731196,finance,11.065184180531768,0,0,1,0.0,0.0,10.37726530082638,3.9318256327243257,0,0.32091721466559825,1.8847400330000001,1.806171114,1,1.0,1.8847400330000001
6178232,Y,4.941642422609304,16.432906463791053,0.0,0.0,construction,11.409274598140744,1,0,1,0.0,0.0,10.83439099677813,4.477336814478207,0,0.20915148890379728,0.05500906,-0.023559859,1,0.0,0.05500906
37831131,Y,4.060443010546419,15.980249592105686,0.0009995003330834232,-0.012072581234269249,telecom,11.230827770812349,0,0,1,0.0,0.0,9.94299668563084,1.6094379124341003,0,0.23726419818039363,3.32845307,3.0141773940000003,4,1.0,0.8321132675
13780132,Y,4.127134385045092,15.9437741680665,0.02176149178151271,0.02176149178151271,telecom,7.903965634032166,1,1,1,13.122365377402328,13.122365377402328,8.954286157204713,3.6375861597263857,0,0.23954542820301683,1.779164071,1.700595152,1,1.0,1.779164071
18241240,Y,3.784189633918261,17.098653679692067,0.0,0.0,telecom,7.27931883541462,0,0,1,7.259116128097101,7.259116128097101,8.61323037961318,2.4849066497880004,0,0.23235262492964948,4.5563723849999995,4.399234547,2,1.0,2.2781861924999998
2903082,Y,3.258096538021482,15.113272840959908,0.12133228516752496,0.1881379421153945,software,10.196343716261637,0,0,1,12.36308066783498,12.36308066783498,9.082734247371036,3.332204510175204,0,0.18319536565454983,1.258867966,1.101730128,2,1.0,0.629433983
345500334,Y,3.332204510175204,15.782434924973263,0.03343477608623742,0.02176149178151271,telecom,9.026778045746095,0,0,1,14.133353921027938,14.133353921027938,8.915163617762142,1.0986122886681098,0,0.23542887888034,0.057933258,-0.020635661,1,0.0,0.057933258
483828705,Y,2.8903717578961645,15.769351319274152,0.0,0.0,software,11.321220016865933,1,0,1,0.0,0.0,8.733271845008325,2.5649493574615367,0,0.18344724712395855,1.198212379,1.041074541,2,1.0,0.5991061895
50466149,Y,3.258096538021482,14.149626449154283,0.0,0.0,telecom,12.880309650440473,1,0,1,10.993748398115178,10.993748398115178,8.82555985506085,3.6888794541139363,0,0.2397410889108026,0.989401131,0.675125455,4,1.0,0.24735028275
346149199,Y,2.70805020110221,13.790440924310392,0.0,0.0,software,7.465082736399547,0,0,1,14.191925087996445,13.933294482509151,6.731018100482083,2.302585092994046,0,0.1488630123297559,0.41952558000000006,0.105249904,4,1.0,0.10488139500000002
28262557,Y,3.332204510175204,14.201019186941672,0.0,0.0,software,11.09157484763184,1,0,1,11.245059091624615,11.245059091624615,9.063463176115423,3.4965075614664802,1,0.18251415194053885,1.5762360830000002,1.497667164,1,1.0,1.5762360830000002
27003689,Y,3.4011973816621555,15.759418847492334,0.0,0.0,telecom,13.480947896942483,0,0,1,16.95329922657903,13.710151153416941,7.368339686311381,3.6888794541139363,0,0.24283712552572123,11.151671359,10.601688926,7,1.0,1.5930959084285714
313065571,Y,2.772588722239781,14.081191623453071,0.0,0.0,telecom,13.707076434721477,1,0,1,15.454228787264524,11.918397239722838,7.652545692693921,3.6109179126442243,0,0.24019915538198433,3.693787973,3.14380554,7,1.0,0.5276839961428571
25346393,Y,4.02535169073515,14.925049268610342,0.0,0.0,mfg,13.548493485956078,0,0,1,0.0,0.0,9.907280350774824,1.791759469228055,0,0.2718178712083207,0.503609432,0.425040513,1,1.0,0.503609432
8274594,Y,5.231108616854587,15.696655417314826,0.13627761829254775,0.054488185284069776,government,10.55087871125787,1,0,1,0.0,0.0,11.125658756897037,3.713572066704308,0,0.3256650748628164,1.253906103,1.175337184,1,1.0,1.253906103
24412371,Y,3.2188758248682006,13.440984367261613,-0.006018072325563021,-0.01005033585350145,software,13.44347103827925,1,0,1,11.38737357979909,11.38737357979909,8.570544366913232,3.044522437723423,0,0.1836306544162917,3.1244377329999997,3.045868814,1,1.0,3.1244377329999997
25743000,Y,4.04305126783455,13.149908503073958,0.0,0.0,mfg,15.063684441268624,0,0,1,11.918397239722838,10.819798284210286,5.902633333401366,3.4339872044851463,0,0.23193130236066248,0.453362147,0.29622430899999996,2,1.0,0.2266810735
57051791,Y,3.871201010907891,14.506379645639942,0.0,0.0,bizservice,11.935863691789491,0,0,1,12.14113937982455,12.100717685412471,5.303304908059076,3.912023005428146,0,0.3124436695982313,0.914580085,0.836011166,1,1.0,0.914580085
25231738,Y,5.318119993844216,15.404745967162468,0.23111172096338664,0.3184537311185346,government,8.197538739721184,1,0,1,0.0,0.0,11.213116828720533,4.04305126783455,0,0.2751365957026913,0.08631407299999999,-0.070823765,2,0.0,0.043157036499999996
15616792,Y,3.295836866004329,14.82041308547466,0.01980262729617973,0.0980337402713654,education,9.141526055975824,1,1,1,10.381676341775822,8.369388996647842,6.883462586413092,4.51085950651685,0,0.26479085359869425,0.155484471,0.076915552,1,1.0,0.155484471
18319464,Y,4.867534450455582,14.006131744018864,0.0,0.0,telecom,12.299221400228197,0,0,1,14.781987431558592,11.225256725762893,6.587550014824796,3.6109179126442243,0,0.2360675731862926,0.38742634800000003,0.151719591,3,1.0,0.129142116
356329695,Y,2.4849066497880004,12.948257578654633,0.0,0.0,software,12.486371277345443,1,0,1,14.180917962740583,12.901719200051183,5.805134968916488,1.6094379124341003,0,0.1825083276234703,0.009990676000000004,-0.068578243,1,0.0,0.009990676000000004
65047797,Y,4.382026634673881,15.184827362515197,0.0,0.0,energy,15.030731266772063,0,0,1,0.0,0.0,10.269379885524469,2.5649493574615367,0,0.28082295641099725,0.024427602,-0.054141317,1,0.0,0.024427602
347800965,Y,2.6390573296152584,14.451960394845674,0.0,0.09075436326846412,insurance,14.500478882682264,0,0,1,12.560247968016562,11.608244735642321,7.080026499922591,2.1972245773362196,0,0.2706131253004127,0.36544703700000003,0.286878118,1,1.0,0.36544703700000003
25987521,Y,3.2188758248682006,13.452210861587234,0.13976194237515863,0.18481843699254188,telecom,11.9797365033168,0,0,1,12.296831574998258,10.62135173563291,8.918382504661613,3.8918202981106265,0,0.23517960973018467,1.328862577,0.7788801439999999,7,1.0,0.189837511
106545259,Y,3.5263605246161616,12.698727170333514,0.0,0.009950330853168092,software,14.53673486109611,1,0,1,0.0,0.0,7.96693349840484,2.9444389791664403,0,0.23686371305989964,0.359956539,0.202818701,2,1.0,0.1799782695
24937986,Y,4.532599493153256,13.23874098145979,0.0,0.016857117066422806,telecom,11.54455009308842,1,0,1,0.0,0.0,10.42171570981886,3.2188758248682006,0,0.23929915831388784,0.258841276,0.180272357,1,1.0,0.258841276
56953886,Y,3.7612001156935624,14.36700373232467,0.3364722366212129,0.642380063506292,mfg,14.903454137807538,1,0,1,0.0,0.0,9.637632201310455,2.9444389791664403,0,0.22227967263155463,0.140388636,0.061819717,1,1.0,0.140388636
41341781,Y,2.70805020110221,14.196687071855651,0.0,0.0,construction,14.681881788207438,1,0,1,0.0,0.0,8.53915035876828,3.784189633918261,0,0.21016174130500528,0.355647004,0.277078085,1,1.0,0.355647004
24169680,Y,3.4339872044851463,17.80490194747907,0.07510747248680548,0.07510747248680548,telecom,11.157777925383916,0,0,1,14.658370442230284,14.508658238524095,7.75833346749091,1.791759469228055,0,0.23869600495108131,4.947133021999999,4.5542884269999995,5,1.0,0.9894266043999999
83740613,Y,3.8918202981106265,14.893090884013082,0.0,0.0,mfg,11.764928544964992,1,0,1,12.955129822091815,12.955129822091815,8.771835409789817,3.2188758248682006,0,0.19947867219726623,0.333152917,0.254583998,1,1.0,0.333152917
65145132,Y,3.091042453358316,14.456899599270928,0.08617769624105241,0.08617769624105241,education,9.710812583662682,1,0,1,11.51293546492023,11.51293546492023,7.442492722794441,3.912023005428146,0,0.2517868217210084,0.130547154,0.051978235,1,1.0,0.130547154
14271049,Y,4.3694478524670215,12.730635480265256,0.0,0.0,mfg,13.38271330676808,1,0,1,0.0,0.0,10.256641304347884,2.5649493574615367,0,0.2289576121018726,0.026102631,-0.052466288,1,0.0,0.026102631
348430186,Y,2.5649493574615367,13.012343133165599,0.0852598439508234,0.0852598439508234,software,11.753421585815255,0,0,1,12.889172015485954,12.100717685412471,7.415776975415394,1.791759469228055,0,0.1503366514457333,0.68056731,0.523429472,2,1.0,0.340283655
84607197,Y,3.295836866004329,13.17642344075425,-0.09211528890780563,-0.18032355413128162,media,11.604775118600108,1,0,1,13.876606598057414,13.560619598657233,7.291656209174461,3.044522437723423,0,0.15266192539059648,0.074565504,-0.004003415,1,0.0,0.074565504
17859287,Y,4.700480365792417,13.448786721172443,0.1380212978973748,0.1380212978973748,construction,13.583756290612163,1,0,1,0.0,0.0,10.591270370596922,4.290459441148391,0,0.19293457169309616,1.723000844,1.644431925,1,1.0,1.723000844
354039914,Y,2.772588722239781,12.723809332786407,0.02078253918252841,0.023716526617316065,bizservice,13.868241518414544,0,0,1,14.171085597229576,13.014780393893403,5.886104031450156,3.091042453358316,0,0.11796541302883115,0.912268298,0.833699379,1,1.0,0.912268298
44241896,Y,3.2188758248682006,12.329011257224664,0.0,0.0,telecom,14.040343082160444,1,0,1,11.404237196256764,10.819798284210286,6.297109319933935,3.1780538303479458,0,0.2377944280627658,0.289326915,0.210757996,1,1.0,0.289326915
12880807,Y,4.394449154672439,14.037285172712238,0.010939940038334263,0.08250122151174377,education,10.404838432339576,1,0,1,0.0,0.0,10.281958234245314,4.61512051684126,0,0.26977234363597813,0.0069233769999999945,-0.071645542,1,0.0,0.0069233769999999945
346209844,Y,3.7376696182833684,13.809219812651921,-0.06827884075329449,0.0,bizservice,14.990201399725025,1,0,1,0.0,0.0,9.613536240640304,4.343805421853684,0,0.17870876890716939,59.077952279,58.99938336,1,1.0,59.077952279
70173366,Y,2.3978952727983707,12.626675924480782,0.0,0.0,bizservice,13.516124257480485,1,0,1,0.0,0.0,8.202756381655638,1.9459101490553132,0,0.26448207222251646,0.8968001499999999,0.818231231,1,1.0,0.8968001499999999
48041812,Y,2.9444389791664403,12.538604988094631,0.0,0.0,bizservice,14.133302979556767,1,0,1,14.23422155071698,12.691583538230217,5.488937726156687,2.772588722239781,0,0.17727489778787062,4.510138657000001,4.2744319,3,1.0,1.5033795523333335
356795454,Y,2.5649493574615367,13.122507367037324,0.10616019582839072,0.10526051065749294,mfg,15.770847987385752,0,0,1,12.834683971615659,12.834683971615659,5.811140992976701,3.4339872044851463,0,0.2701366745615285,0.029277261,-0.049291658,1,0.0,0.029277261
63767787,Y,3.1354942159291497,12.44315460434174,0.06297479916138839,0.05732506661926935,telecom,14.980302832329574,1,0,1,3.9512437185814275,3.9512437185814275,7.995306620290822,3.2188758248682006,0,0.23808440262974678,0.525503978,0.446935059,1,1.0,0.525503978
397525154,Y,2.1972245773362196,13.936708201649973,0.0,0.0,telecom,14.429969446548835,0,0,1,0.0,0.0,7.979681302387741,2.995732273553991,0,0.24269508024718708,0.147564721,-0.009573116999999999,2,0.0,0.0737823605
447046875,Y,3.58351893845611,12.948257578654633,0.05638033343610769,0.055434706888100524,telecom,8.882114044208821,1,0,1,0.0,0.0,9.455323689894849,1.3862943611198906,0,0.14899354840237292,3.067626379,2.98905746,1,1.0,3.067626379
15567237,Y,3.6375861597263857,14.349687798025908,0.0,0.006975613736425138,telecom,15.839501094998202,0,0,1,0.0,0.0,9.510889310134788,2.3978952727983707,0,0.23885958413472524,1.017936119,0.8607982810000001,2,1.0,0.5089680595
440804842,Y,3.1780538303479458,12.180667654258352,0.0009995003330834232,0.0009995003330834232,bizservice,13.39847729603281,1,0,1,14.557448378884015,14.557448378884015,6.593044534142437,3.2188758248682006,0,0.1753595657949175,0.11402947399999999,0.035460555,1,1.0,0.11402947399999999
352817298,Y,3.1780538303479458,12.0073289810395,0.0,0.0,bizservice,13.443620448219061,1,0,1,13.617060838751888,13.122365377402328,6.466144724237619,3.1780538303479458,0,0.1742657949738692,2.6031477069999998,2.446009869,2,1.0,1.3015738534999999
26988006,Y,2.4849066497880004,12.298451259764823,0.0,0.0,bizservice,14.486392190727816,1,0,1,0.0,0.0,5.783825182329737,5.655991810819852,0,0.17569049631837297,0.058946460000000006,-0.019622459,1,0.0,0.058946460000000006
16061373,Y,2.4849066497880004,13.839883119343721,-0.021223636451626688,-0.028399474521698,realestate,14.448804756417273,1,0,1,0.0,0.0,8.298041661371565,3.4339872044851463,0,0.23985377956520293,0.039152268000000004,-0.039416651,1,0.0,0.039152268000000004
24483219,Y,3.8066624897703196,14.403297778421795,0.0,0.0,mfg,11.170857601991855,1,0,1,0.0,0.0,9.684149252062896,3.295836866004329,0,0.23229620885296465,0.017973681,-0.060595238,1,0.0,0.017973681
356048467,Y,2.5649493574615367,14.158477373363816,0.17981842657583616,0.1587116911548208,energy,15.263020189962505,0,0,1,0.0,0.0,8.385032287813898,2.70805020110221,0,0.2796310062860302,0.082513989,0.00394507,1,1.0,0.082513989
36291411,Y,5.327876168789581,13.205669063461311,-0.29437106060257756,-0.2613647641344075,education,10.64917974375984,1,0,1,0.0,0.0,11.222920697148803,4.07753744390572,0,0.2563986441858765,0.040687938,-0.037880981,1,0.0,0.040687938
13534186,Y,2.302585092994046,12.11481773200733,0.0,0.011928570865273812,telecom,15.529541611699798,1,0,1,14.242411599320839,13.815511557963774,6.415096959171596,2.833213344056216,0,0.23735276629559804,0.995395903,0.602551308,5,1.0,0.19907918060000002
54349714,Y,3.332204510175204,12.196789691931256,0.19638881400539018,0.21591750622247025,bizservice,13.988942720912311,1,0,1,10.668978650219241,0.0,5.389071729816501,2.995732273553991,0,0.17540450575433852,0.17037940699999998,0.091810488,1,1.0,0.17037940699999998
102056039,Y,4.672828834461906,12.692211031691347,0.10526051065749294,0.10436001532424286,legal,13.543577154980584,1,0,1,0.0,0.0,10.563362293832501,2.6390573296152584,0,0.28028732065515227,0.428007529,0.34943861,1,1.0,0.428007529
60558040,Y,3.871201010907891,12.913815292172384,0.0,0.0,hospitality,11.194770439234798,1,0,1,8.517393171418904,8.517393171418904,7.198931240688173,5.598421958998375,0,0.45953353966075666,0.143024292,0.064455373,1,1.0,0.143024292
12763715,Y,5.147494476813453,12.33214126077333,0.0,0.0,orgs,13.499404319327933,1,0,1,0.0,0.0,11.041576931746437,3.091042453358316,0,0.1577295409082492,0.44328338500000003,0.364714466,1,1.0,0.44328338500000003
32605765,Y,3.1354942159291497,11.537335110699985,0.05354076692802976,0.11243542932978817,software,15.051324993786368,1,0,1,0.0,0.0,6.1779441140506,1.9459101490553132,0,0.18036448134380395,0.41318086800000003,0.334611949,1,1.0,0.41318086800000003
94978938,Y,3.7376696182833684,12.423628615345352,0.1672079189839064,0.21591750622247025,bizservice,13.568216465862223,1,0,1,0.0,0.0,9.613536240640304,3.4011973816621555,0,0.1774479191138536,0.39332003200000004,0.314751113,1,1.0,0.39332003200000004
355029860,Y,2.4849066497880004,12.768738064325033,0.16041672140590466,0.15956456967133845,telecom,12.867798816015366,1,0,1,7.601402334583733,7.601402334583733,7.19668657083435,2.3978952727983707,0,0.2391026974937887,0.064710738,-0.013858181,1,0.0,0.064710738
62570976,Y,3.044522437723423,11.320383860952916,0.013902905168991434,-0.04919024419077178,construction,15.475726181895906,1,0,1,0.0,0.0,6.35088571671474,2.302585092994046,0,0.17784003553762717,0.045058219000000004,-0.0335107,1,0.0,0.045058219000000004
3392040,Y,3.58351893845611,11.568066845966431,0.003992021269537457,-0.01816397062767118,bizservice,14.398539813206321,1,0,1,5.017279836814924,5.017279836814924,7.195187320178709,2.6390573296152584,0,0.22881018067545847,0.45626477200000004,0.377695853,1,1.0,0.45626477200000004
19533039,Y,3.5553480614894135,13.911730323969618,0.002995508979798371,0.03440142671733232,government,11.752406824492056,1,0,1,0.0,0.0,9.426338455129521,3.6109179126442243,0,0.30825116615857917,0.049378936,-0.029189983,1,0.0,0.049378936
147440067,Y,2.9444389791664403,11.119379046255592,0.0,0.0,bizservice,14.946469345395332,1,0,1,7.601402334583733,7.601402334583733,7.195187320178709,2.833213344056216,0,0.28603546526592605,0.005771005999999995,-0.072797913,1,0.0,0.005771005999999995
23202721,Y,4.143134726391533,12.437485908326838,0.14410034397375687,0.14323416808590775,consumerservices,14.316077339292292,1,0,1,0.0,0.0,10.027075926780746,2.1972245773362196,0,0.2222739915528893,0.024031146000000003,-0.054537773,1,0.0,0.024031146000000003
27577209,Y,3.295836866004329,10.4955981889183,0.10526051065749294,0.08801087732271337,bizservice,14.310364104500518,1,0,1,9.741027444837728,9.210440366976517,4.276666119016055,2.8903717578961645,0,0.17411880843803515,0.105015091,0.026446172,1,1.0,0.105015091
51825759,Y,3.7612001156935624,12.39524153904824,0.0,0.0,finance,12.66286754735978,0,0,1,0.0,0.0,9.637632201310455,2.772588722239781,0,0.3087272522325223,0.027765911000000004,-0.050803008,1,0.0,0.027765911000000004
39698486,Y,3.1354942159291497,11.701220809775878,-0.01005033585350145,0.031498667059371016,education,10.516210702728278,1,0,1,0.0,0.0,8.991064332188461,3.7376696182833684,0,0.2053249591830699,0.147562333,0.068993414,1,1.0,0.147562333
62983718,Y,2.5649493574615367,12.151700933462836,0.03343477608623742,0.0620353909194527,transportation,14.159116574278048,1,0,1,7.601402334583733,7.601402334583733,7.190676034332207,2.1972245773362196,0,0.22206120345967337,0.003158176999999998,-0.075410742,1,0.0,0.003158176999999998
25217697,Y,2.9444389791664403,11.43375237906605,0.011928570865273812,0.05732506661926935,telecom,15.789330577704884,1,0,1,11.504903373867316,7.601402334583733,7.181591944611865,2.70805020110221,0,0.23644627930668377,0.203318069,0.12474915,1,1.0,0.203318069
18383264,Y,3.295836866004329,11.87663063883016,0.0,0.0,mfg,10.846887486888901,0,0,1,0.0,0.0,9.158099260130491,2.5649493574615367,0,0.24537461242095554,0.11890721,0.040338291,1,1.0,0.11890721
9355321,Y,3.332204510175204,11.210603415778932,0.0,0.0,bizservice,14.564080619419972,1,0,1,0.0,0.0,9.1958356857733,1.0986122886681098,0,0.17007152532365788,6.457193782999999,6.300055945,2,1.0,3.2285968914999996
353633016,Y,2.833213344056216,10.922082133218206,-0.016129381929883644,-0.016129381929883644,telecom,14.79220828797655,1,0,1,9.61587214452889,9.61587214452889,8.289037098278483,3.091042453358316,0,0.2375659412372452,0.526569136,0.36943129799999996,2,1.0,0.263284568
345103690,Y,3.6375861597263857,10.715395068816916,0.0,0.0,software,16.7028773053355,1,0,1,7.601402334583733,7.601402334583733,7.197435354096591,2.6390573296152584,0,0.17483950750123894,0.195817784,0.117248865,1,1.0,0.195817784
37491293,Y,2.995732273553991,12.970937980617423,1.2806560290968936,1.2184672504763885,energy,16.36378042912057,1,0,1,0.0,0.0,8.844480518460378,1.6094379124341003,0,0.2747778437128649,1.341263429,1.26269451,1,1.0,1.341263429
343741499,Y,4.290459441148391,11.31691058104427,0.031498667059371016,0.031498667059371016,telecom,12.921013117757399,1,0,1,0.0,0.0,10.176601523624978,3.044522437723423,0,0.2362550108328512,0.060125147000000004,-0.018443772,1,0.0,0.060125147000000004
118718550,Y,3.1354942159291497,10.621059017006598,0.035367143837291344,0.035367143837291344,bizservice,14.697207774673291,1,0,1,7.601402334583733,7.601402334583733,7.199678345691172,3.4657359027997265,1,0.1719535452837431,0.5484193580000001,0.155574763,5,1.0,0.10968387160000001
76170856,Y,3.367295829986474,14.572102380343901,-0.014098924379501648,0.0009995003330834232,telecom,13.684541593799695,1,0,1,15.095054827301363,14.59023818634603,7.2078598714324755,0.6931471805599453,0,0.24026461760886303,0.306535047,-0.007740628999999992,4,0.0,0.07663376175
351173455,Y,4.174387269895637,12.920621664162894,0.001998002662673058,0.001998002662673058,insurance,14.875808122946674,1,1,1,0.0,0.0,10.058823244245096,3.044522437723423,0,0.27539620975031665,0.29688029,0.139742452,2,1.0,0.148440145
348475378,Y,2.6390573296152584,10.629513261662012,0.008959741371471801,0.0,bizservice,15.22468515861089,1,0,1,10.025749432069084,7.601402334583733,7.192182058713246,2.1972245773362196,1,0.17555240261035387,1.415437314,0.9440238000000001,6,1.0,0.235906219
116244586,Y,4.343805421853684,11.141948736320636,0.0,0.0,mfg,15.465862069233465,1,0,1,10.12667110305036,10.12667110305036,8.29154650988391,1.791759469228055,0,0.2236539256652369,0.038933513,-0.039635406,1,0.0,0.038933513
41732466,Y,2.833213344056216,11.221248757912162,0.0,0.0,finance,11.90599405274184,1,0,1,0.0,0.0,8.67265729404031,2.8903717578961645,0,0.30560086545873905,0.324334457,0.245765538,1,1.0,0.324334457
92095275,Y,3.5263605246161616,11.465445941535874,-0.006018072325563021,-0.054456185796058855,software,15.808954027269724,1,0,1,0.0,0.0,9.396487933603666,2.4849066497880004,0,0.25664996320405237,0.021379365000000004,-0.057189554,1,0.0,0.021379365000000004
347788851,Y,2.6390573296152584,10.310251816375912,0.6800619410112899,0.8997547632340556,software,14.449477104904837,1,0,1,11.813777925845397,11.156264806643742,6.687108607866515,1.0986122886681098,0,0.17879110299457193,0.006315690999999998,-0.072253228,1,0.0,0.006315690999999998
394588923,Y,1.9459101490553132,10.334100454176944,0.0,0.0,hospitality,16.0421555245114,1,0,1,10.079581424158677,9.350189267092581,6.9411900550683745,1.3862943611198906,0,0.18264433148535275,0.470615382,0.392046463,1,1.0,0.470615382
25349406,Y,3.8066624897703196,11.904535026787952,0.0,0.0,bizservice,13.235081161863688,1,0,1,0.0,0.0,9.684149252062896,2.302585092994046,0,0.23294960886793892,0.069448907,-0.009120012,1,0.0,0.069448907
68420924,Y,3.367295829986474,11.206033389585755,0.0,0.0,healthservices,13.958601734891559,1,0,1,0.0,0.0,9.232199706329077,2.302585092994046,0,0.16255421718061278,0.312811408,0.234242489,1,1.0,0.312811408
371935086,Y,2.1972245773362196,10.13491668343711,0.24998020526776946,0.2941610385494901,telecom,15.655118001608617,1,0,1,11.51293546492023,11.225256725762893,7.351799869057777,0.6931471805599453,0,0.22580377710193122,0.290745983,-0.102098612,5,0.0,0.058149196599999994
357395597,Y,2.3978952727983707,11.158234266392649,-0.07580171341628185,-0.10425002137379911,software,13.545854371940313,0,0,1,12.205822614274965,10.432820847857858,7.195937226475569,2.4849066497880004,0,0.17618999489264092,0.046300036,-0.34654455900000003,5,0.0,0.0092600072
49057090,Y,5.159055299214529,14.000677230242719,0.0,0.0,government,12.220611443151254,1,0,1,0.0,0.0,11.053204784521506,2.9444389791664403,0,0.3138396848351777,0.074183974,-0.004384945,1,0.0,0.074183974
39881452,Y,3.4657359027997265,12.844364933577172,0.060153922819747144,-0.08229524272683016,energy,15.84988687053206,1,0,1,8.517393171418904,8.517393171418904,7.192182058713246,2.772588722239781,0,0.2730223049969904,0.450787162,0.372218243,1,1.0,0.450787162
158711821,Y,3.044522437723423,11.3845578598739,0.1996701951285677,0.23586232372198446,telecom,14.282706499340723,1,0,1,8.294299608857235,7.601402334583733,6.918695219020472,2.9444389791664403,0,0.23639740474050158,0.11199896200000001,0.033430043,1,1.0,0.11199896200000001
84051036,Y,4.290459441148391,10.304074113193185,0.04401688541677426,0.036331929247390204,telecom,14.000777772046797,1,0,1,6.90875477931522,6.90875477931522,7.1929342212158,4.204692619390966,0,0.22957444164450017,0.006498026000000004,-0.072070893,1,0.0,0.006498026000000004
353406915,Y,2.8903717578961645,10.91217513367625,0.008959741371471801,0.1231021971339834,bizservice,15.296990091075338,1,0,1,0.0,0.0,8.733271845008325,1.791759469228055,0,0.1734803506805474,1.505051162,1.426482243,1,1.0,1.505051162
124076072,Y,4.343805421853684,12.784801747609793,0.0,0.0,retail,16.417696042246536,1,1,1,0.0,0.0,10.230666742245749,3.4339872044851463,0,0.12163273158113802,0.105916717,0.027347798,1,1.0,0.105916717
18434936,Y,3.091042453358316,9.210440366976517,-0.08229524272683016,-0.08664780672567217,bizservice,13.767735278624968,1,0,1,0.0,0.0,7.858640655620791,2.6390573296152584,0,0.1443423087287382,5.662244488,5.50510665,2,1.0,2.831122244
178422500,Y,4.770684624465665,11.446539905774255,0.006975613736425138,0.06391332574365285,finance,12.871427163305707,1,0,1,10.825183649068833,10.308985993422082,8.006367567650246,3.2188758248682006,0,0.3154400201382184,0.050202724000000004,-0.028366195,1,0.0,0.050202724000000004
75532567,Y,3.044522437723423,10.443337855342735,0.0,0.0,software,15.142736741629541,1,0,1,9.680406499268875,9.61587214452889,6.705639094860003,1.791759469228055,0,0.16893773370233328,0.037074465,-0.041494454,1,0.0,0.037074465
353618990,Y,3.258096538021482,10.75263370378095,0.06109509935981083,0.05732506661926935,telecom,14.942129311936075,1,1,1,12.515397562803473,0.0,7.902857191280582,2.8903717578961645,1,0.22705745063534608,0.440071049,0.36150213,1,1.0,0.440071049
346379643,Y,3.1354942159291497,10.32738179611266,0.15443635330441896,0.14410034397375687,telecom,14.698645666785358,1,0,1,0.0,0.0,8.991064332188461,1.9459101490553132,0,0.23197688074196626,0.118942804,0.040373885,1,1.0,0.118942804
345067056,Y,3.970291913552122,11.206821411691152,-0.0030045090202987243,0.010939940038334263,education,13.064482114136377,1,0,1,0.0,0.0,9.851193757814993,2.3978952727983707,0,0.23632711385944075,0.048332866,-0.030236053,1,0.0,0.048332866
56495174,Y,3.4011973816621555,10.562560752762321,0.0,0.0,telecom,10.813015468030894,1,0,1,6.90875477931522,6.90875477931522,7.181591944611865,2.0794415416798357,0,0.23629067152044528,0.540284658,-0.009697775000000006,7,0.0,0.07718352257142858
353615041,Y,3.091042453358316,10.78468982173779,0.9321640810304452,1.130756741994677,telecom,16.125110489347495,1,0,1,0.0,0.0,8.9445502459405,2.4849066497880004,0,0.23624741199656332,0.38763252800000003,-0.005212067000000001,5,0.0,0.0775265056
51677358,Y,3.332204510175204,11.51293546492023,0.0778865386570712,0.11955923505763925,transportation,15.45153411933256,1,0,1,7.601402334583733,7.601402334583733,7.19668657083435,3.4011973816621555,0,0.2261640585823352,0.005881509000000007,-0.07268741,1,0.0,0.005881509000000007
137150662,Y,4.48863636973214,11.001499661132206,0.15100287353652742,0.21672298351128702,finance,12.57641131416276,1,0,1,0.0,0.0,10.37726530082638,2.0794415416798357,0,0.3156881416162461,0.039709416000000004,-0.038859503,1,0.0,0.039709416000000004
12289902,Y,3.1354942159291497,10.517483294790635,0.009950330853168092,0.15100287353652742,telecom,14.28116411434765,1,0,1,0.0,0.0,8.991064332188461,2.833213344056216,0,0.23586632004106728,0.233833918,0.07669608,2,1.0,0.116916959
71960561,Y,3.6888794541139363,6.251903883165888,0.08801087732271337,0.06391332574365285,telecom,15.50339304019112,1,0,1,11.51293546492023,11.51293546492023,6.331501849893691,3.1780538303479458,0,0.030475493997033736,1.638709779,1.56014086,1,1.0,1.638709779
480774295,Y,3.58351893845611,13.526400800187966,-0.3078847797693004,0.5799784824543073,government,15.465862069233465,1,0,1,0.0,0.0,9.455323689894849,1.0986122886681098,0,0.33140556484066835,0.7768584239999999,0.698289505,1,1.0,0.7768584239999999
50761430,Y,4.736198448394496,11.363322760738999,0.0,0.0,telecom,14.565065954369341,1,0,1,0.0,0.0,7.534762657037537,1.791759469228055,0,0.23634912515931952,0.450675802,0.21496904499999997,3,1.0,0.15022526733333333
39307481,Y,3.9318256327243257,10.519510678674001,0.20701416938432612,0.20701416938432612,bizservice,16.35484723162278,1,0,1,6.90875477931522,6.90875477931522,7.195937226475569,3.4339872044851463,0,0.17337130997279357,0.096323462,0.017754543,1,1.0,0.096323462
27755030,Y,3.4011973816621555,11.077408282982066,0.08892620919440149,0.21752781252857398,telecom,15.59540660087177,1,0,1,0.0,0.0,9.267287652417933,1.6094379124341003,0,0.3105927886333922,0.298676632,0.220107713,1,1.0,0.298676632
123339544,Y,4.770684624465665,11.40238488927086,0.04114194333117521,0.12221763272424911,telecom,13.676497884816808,1,0,1,12.84529412258351,12.721888795877375,6.052089168924417,3.295836866004329,0,0.23178531900830313,0.054684982,-0.023883937,1,0.0,0.054684982
358638504,Y,2.6390573296152584,10.922930363265726,-0.01308523954865548,-0.01308523954865548,telecom,16.006435333151966,1,0,1,6.90875477931522,6.90875477931522,7.198183577101943,0.6931471805599453,0,0.2360469561501176,0.146833642,0.068264723,1,1.0,0.146833642
80200427,Y,3.091042453358316,9.788076701024801,0.0,-0.03562717764315116,finance,16.231166267254093,1,0,1,0.0,0.0,8.9445502459405,1.791759469228055,0,0.17465486916921216,0.766362629,0.68779371,1,1.0,0.766362629
57134512,Y,3.044522437723423,10.012386799492118,-0.020202707317519466,-0.020202707317519466,software,10.277221166482795,1,0,1,7.601402334583733,7.601402334583733,7.19668657083435,1.3862943611198906,0,0.13696585507315742,0.528180612,0.449611693,1,1.0,0.528180612
368572921,Y,2.1972245773362196,10.092329472153317,0.5253200699164432,0.8131499729546416,software,15.070303749874963,1,0,1,0.0,0.0,7.979681302387741,2.3978952727983707,0,0.22902193134357582,16.68402499,16.212611476,6,1.0,2.780670831666667
52598232,Y,2.9444389791664403,10.214934978538171,0.0,0.14928170271575447,software,7.2991214627108,1,0,1,7.969011781106478,7.5443321080536885,6.884486652042782,1.791759469228055,1,0.17911190564090199,0.5798286619999999,0.501259743,1,1.0,0.5798286619999999
14435162,Y,3.258096538021482,11.005909242878186,0.0,0.0,telecom,15.381338635125449,1,0,1,7.601402334583733,7.601402334583733,7.194436851100335,2.8903717578961645,0,0.23821710622509026,0.23285366600000001,0.154284747,1,1.0,0.23285366600000001
26169314,Y,4.3694478524670215,11.533365144207684,0.17814618538347404,0.13540463700620298,legal,14.275336317971947,1,0,1,5.846438775057725,5.278114659230517,6.92951677076365,2.833213344056216,0,0.278209059960967,0.211042238,0.132473319,1,1.0,0.211042238
562821789,Y,3.58351893845611,11.915747082132976,0.0,0.0,telecom,15.465862069233465,1,0,1,0.0,0.0,9.455323689894849,1.0986122886681098,0,0.13640529876181864,0.9126478889999999,0.83407897,1,1.0,0.9126478889999999
346556803,Y,3.6109179126442243,11.492294094361155,-0.021223636451626688,-0.11428914640212766,finance,13.771227372092682,1,0,1,11.23850177707664,11.23850177707664,7.954021087278037,1.3862943611198906,0,0.319034904976904,0.128615205,0.050046286,1,1.0,0.128615205
115523808,Y,3.5553480614894135,10.23444460846923,0.018821754240587667,0.009950330853168092,bizservice,15.803935713300598,1,0,1,0.0,0.0,9.426338455129521,1.6094379124341003,0,0.17362117442764763,0.034699462,-0.043869457,1,0.0,0.034699462
31410925,Y,4.3694478524670215,12.073666334050152,0.08434114843375096,0.12133228516752496,energy,12.79606798063465,1,0,1,0.0,0.0,10.256641304347884,1.6094379124341003,0,0.15662960839724344,0.042373336,-0.036195583,1,0.0,0.042373336
150766024,Y,3.258096538021482,11.298369930842552,0.4350239103497087,0.24998020526776946,education,13.165478420877179,1,0,1,0.0,0.0,9.118882761487347,2.772588722239781,0,0.24837501576218474,0.06678964,-0.011779279,1,0.0,0.06678964
65783291,Y,3.295836866004329,10.074790291180951,0.008959741371471801,0.008959741371471801,software,13.481049896767916,1,0,1,0.0,0.0,9.158099260130491,1.9459101490553132,0,0.17907752464088358,0.177549538,0.098980619,1,1.0,0.177549538
363056213,Y,4.727387818712341,9.815421073667677,0.036331929247390204,0.036331929247390204,bizservice,16.289282277204528,1,0,1,0.0,0.0,10.618420686417931,1.3862943611198906,0,0.2815194551762907,0.052040891000000006,-0.026528028,1,0.0,0.052040891000000006
346020666,Y,3.2188758248682006,10.90273980512463,0.0,0.0,telecom,15.94367428531258,1,0,1,0.0,0.0,9.078065332666364,2.1972245773362196,0,0.23601909616083175,1.185918228,0.950211471,3,1.0,0.395306076
348311456,Y,3.713572066704308,12.267021920523415,0.0,0.0,retail,10.118195625029236,1,0,1,0.0,0.0,9.588845298501564,4.442651256490317,1,0.11531682483614955,0.088216867,0.009647948,1,1.0,0.088216867
130089420,Y,2.6390573296152584,9.996841274269336,0.0,0.0,telecom,15.31960262129966,1,0,1,6.90875477931522,6.90875477931522,7.181591944611865,2.6390573296152584,1,0.23191244931191554,0.045877346,-0.032691573,1,0.0,0.045877346
348467966,Y,2.6390573296152584,12.159814024300214,0.04401688541677426,0.006975613736425138,retail,16.663314353580713,1,0,1,0.0,0.0,8.465057436995709,2.3978952727983707,0,0.23759751665156073,0.030095817000000004,-0.048473102,1,0.0,0.030095817000000004
470677993,Y,2.1972245773362196,10.39726874169286,0.0,0.0,software,11.535977708500381,1,0,1,0.0,0.0,7.979681302387741,1.791759469228055,0,0.17724201105065604,0.033011675000000004,-0.045557244,1,0.0,0.033011675000000004
52381340,Y,3.784189633918261,11.873776676152373,0.0,0.0,realestate,15.34081745028612,1,0,1,6.90875477931522,6.90875477931522,7.181591944611865,2.772588722239781,0,0.23971171357807955,0.014045190999999999,-0.064523728,1,0.0,0.014045190999999999
73155981,Y,3.2188758248682006,9.857234168018666,0.02955880224154443,0.0,telecom,16.82740929716054,1,0,1,5.860786223465865,5.860786223465865,7.191429330036379,1.3862943611198906,1,0.2389205775961509,0.039933676,-0.038635243,1,0.0,0.039933676
447130713,Y,2.1972245773362196,9.607571675157244,0.1292723357041391,0.1292723357041391,telecom,15.642394863683288,1,0,1,5.860786223465865,5.860786223465865,7.194436851100335,1.0986122886681098,0,0.22323449761048444,0.082174267,0.003605348,1,1.0,0.082174267
127582501,Y,3.4011973816621555,9.458605712064172,0.044973365642731196,0.055434706888100524,telecom,13.39738565170932,1,0,1,6.90875477931522,6.90875477931522,7.190676034332207,2.1972245773362196,0,0.19965301314559458,0.656413223,0.499275385,2,1.0,0.3282066115
345981134,Y,3.7376696182833684,9.393827915410107,-0.008032171697264267,-0.012072581234269249,agriculture,15.10102362499133,1,0,1,7.601402334583733,7.601402334583733,7.195187320178709,3.295836866004329,0,0.084201185146969,0.116165378,0.037596459,1,1.0,0.116165378
25809605,Y,3.6375861597263857,9.95261099449568,0.04114194333117521,0.2110709700799404,bizservice,15.516712916968205,1,0,1,6.90875477931522,6.90875477931522,7.195187320178709,1.791759469228055,0,0.170491615359024,0.043058982,-0.035509937,1,0.0,0.043058982
506751771,Y,2.3978952727983707,9.95261099449568,0.0944006754214843,0.3421702577358506,software,15.447832228485213,1,0,1,0.0,0.0,8.202756381655638,1.0986122886681098,0,0.17699132013804417,0.068850864,-0.088286974,2,0.0,0.034425432
346746335,Y,3.58351893845611,10.358028498290885,0.0,0.0,bizservice,15.668970148882753,1,0,1,0.0,0.0,9.455323689894849,1.0986122886681098,0,0.14648151751886482,0.002958129000000004,-0.07561079,1,0.0,0.002958129000000004
363592558,Y,3.1354942159291497,11.06624766102799,-0.030459207484708574,-0.04709160753385057,bizservice,15.616799642494414,1,0,1,7.601402334583733,7.601402334583733,7.181591944611865,2.70805020110221,0,0.3093848088972754,0.046919967,-0.031648952,1,0.0,0.046919967
346591681,Y,2.995732273553991,9.611395771595648,0.0,-0.08012604447928486,bizservice,16.63077315892777,1,0,1,0.0,0.0,8.844480518460378,1.0986122886681098,0,0.1802913417298622,0.055587808,-0.022981111,1,0.0,0.055587808
37966124,Y,3.912023005428146,10.953906998602752,0.07325046173959274,0.16889853646181388,retail,13.200730836478341,1,0,1,0.0,0.0,9.791773562906126,2.833213344056216,0,0.22433190558358837,0.054926055,-0.023642864,1,0.0,0.054926055
346809098,Y,3.044522437723423,10.854585425915689,0.0,0.0,finance,13.584029848933163,1,0,1,7.601402334583733,7.601402334583733,7.198931240688173,1.3862943611198906,0,0.31534988263542807,0.055598851000000005,-0.022970068,1,0.0,0.055598851000000005
216875381,Y,4.465908118654584,10.97983719053025,0.0,0.0,energy,14.125440060861715,1,0,1,7.601402334583733,7.601402334583733,7.195937226475569,2.302585092994046,0,0.15374566186237262,0.080767569,0.00219865,1,1.0,0.080767569
76301059,Y,3.1780538303479458,9.185227671161108,0.02955880224154443,0.02955880224154443,bizservice,16.355612529320176,1,0,1,7.119635638017636,6.786716950605081,6.951772164398911,1.3862943611198906,0,0.1702845485670425,0.047340314,-0.031228605,1,0.0,0.047340314
27164812,Y,3.332204510175204,10.047198210202428,0.010939940038334263,0.06578774053800315,telecom,14.963315469486993,1,0,1,5.860786223465865,5.860786223465865,7.181591944611865,1.3862943611198906,0,0.2312761445382289,0.035293581,-0.043275338,1,0.0,0.035293581
14556261,Y,3.713572066704308,10.124909622951998,0.5596157879354227,0.538829820175588,telecom,16.01909001134576,1,0,1,0.0,0.0,9.588845298501564,2.1972245773362196,0,0.23357921770741577,0.365496781,0.286927862,1,1.0,0.365496781
398171175,Y,2.9444389791664403,9.660013734748668,0.03343477608623742,0.0,software,16.397859128932055,1,0,1,0.0,0.0,7.6760099320288875,1.791759469228055,0,0.1808394839011102,0.064175412,-0.014393507,1,0.0,0.064175412
371675169,Y,3.6109179126442243,9.35668926831132,0.0,0.0,software,16.439052428658606,1,0,1,9.952325334619427,6.90875477931522,7.181591944611865,1.791759469228055,0,0.1732918159198191,0.10353814,0.024969221,1,1.0,0.10353814
37146069,Y,3.4339872044851463,8.359134886757962,0.0,0.0,telecom,8.552367266423891,0,0,1,0.0,0.0,9.301186055275759,3.6375861597263857,0,0.23140123655319134,0.033707945,-0.044860974,1,0.0,0.033707945
19663501,Y,4.564348191467836,11.547008000267386,0.0,0.0,government,12.397118534423106,1,0,1,0.0,0.0,10.45380308398853,3.713572066704308,0,0.29543845861540496,0.202743658,0.124174739,1,1.0,0.202743658
43008620,Y,3.4011973816621555,9.690046776683303,0.0,0.05921185963184603,telecom,16.81135997465674,1,0,1,5.860786223465865,5.860786223465865,7.195187320178709,2.1972245773362196,0,0.23749893135576505,0.21844794099999998,0.139879022,1,1.0,0.21844794099999998
56001074,Y,3.044522437723423,10.08355657427679,0.0,0.0,telecom,13.310458236570126,1,0,1,0.0,0.0,8.895766604056085,2.1972245773362196,0,0.22711146819106476,0.537324777,0.30161802,3,1.0,0.17910825900000002
112755124,Y,4.418840607796598,12.036416542187018,0.0,0.0,energy,16.717626306670343,1,0,1,0.0,0.0,10.306650011581617,2.833213344056216,0,0.16548590414363407,0.400976739,0.243838901,2,1.0,0.2004883695
358220337,Y,2.772588722239781,11.620801813265498,0.08342160813907236,0.07325046173959274,energy,16.431206552731293,1,0,1,11.869935352808989,11.681959127437247,7.835974581721566,1.791759469228055,1,0.27593105591626216,0.20700035,0.128431431,1,1.0,0.20700035
358621663,Y,2.70805020110221,9.612065160468624,0.0,0.21349717426240436,telecom,15.91840394279835,1,0,1,5.860786223465865,5.860786223465865,7.195937226475569,1.9459101490553132,0,0.23885525071897304,0.121039371,0.042470452,1,1.0,0.121039371
371647623,Y,2.70805020110221,9.664913054191375,0.9162907318741551,1.226418993155766,software,12.674077403362858,1,0,1,9.94515718770752,9.798182590890704,6.79346613258001,1.791759469228055,0,0.17883860287694686,0.319095439,0.24052652,1,1.0,0.319095439
355658402,Y,2.8903717578961645,9.438431663014326,0.0,-0.15431736038435728,bizservice,16.34961181393353,1,0,1,0.0,0.0,8.733271845008325,1.0986122886681098,0,0.28824816360757205,0.026095551,-0.052473368,1,0.0,0.026095551
57820617,Y,3.2188758248682006,9.736842475127181,0.0,0.126632650933366,telecom,13.572376011613796,1,0,1,7.247792581767846,6.961296045910167,6.891625897052253,1.9459101490553132,0,0.2365233766242291,0.067912055,-0.089225783,2,0.0,0.0339560275
352408768,Y,3.4011973816621555,8.331827004436057,0.0,0.0,telecom,16.47703928946228,1,1,1,0.0,0.0,9.267287652417933,1.0986122886681098,0,0.14861049945164287,0.035969753,-0.042599166,1,0.0,0.035969753
24133826,Y,4.330733340286331,9.834244649793968,0.21672298351128702,0.19885085874516517,finance,12.972302987590455,1,0,1,0.0,0.0,10.217421996131975,2.6390573296152584,0,0.27909350579258996,0.048137882,-0.030431037,1,0.0,0.048137882
358003084,Y,2.4849066497880004,9.059052257762401,0.0,0.0,bizservice,15.981692825427674,1,1,1,5.860786223465865,5.860786223465865,7.195187320178709,1.791759469228055,0,0.16958253101652496,0.7086281449999999,0.630059226,1,1.0,0.7086281449999999
350944369,Y,3.091042453358316,10.517483294790635,0.0,0.0,telecom,16.899326004762365,1,0,1,0.0,0.0,8.9445502459405,1.3862943611198906,1,0.23586632004106728,0.075415036,-0.003153883,1,0.0,0.075415036
58609337,Y,2.8903717578961645,8.661293535389994,0.06485097231961627,0.06485097231961627,hospitals,14.17104635331956,1,1,1,7.601402334583733,7.601402334583733,7.194436851100335,3.258096538021482,0,0.12662051508467553,0.030778745000000003,-0.047790174,1,0.0,0.030778745000000003
76942564,Y,3.091042453358316,8.36380888451688,0.0,0.0,bizservice,16.762837730702422,1,0,1,0.0,0.0,8.9445502459405,1.9459101490553132,0,0.2750036141920099,0.056219718,-0.022349201,1,0.0,0.056219718
355039124,Y,3.2188758248682006,10.006675710332297,0.14323416808590775,0.14323416808590775,telecom,15.829324051854542,1,0,1,5.860786223465865,5.860786223465865,7.198931240688173,1.0986122886681098,0,0.23570612593429807,0.137974317,0.059405398,1,1.0,0.137974317
94489027,Y,3.332204510175204,8.585038738311304,-0.13353139262452263,-0.13353139262452263,finance,12.629731243830303,1,0,1,0.0,0.0,9.1958356857733,1.3862943611198906,0,0.3098185960043603,0.11176788600000001,0.033198967,1,1.0,0.11176788600000001
25543595,Y,3.4965075614664802,9.990490596157702,0.17227122094045313,0.07232066157962608,education,15.879554030524368,1,0,1,0.0,0.0,9.365718869155696,1.0986122886681098,0,0.269269221254494,0.722155309,0.565017471,2,1.0,0.3610776545
3261240,Y,3.367295829986474,10.204221576482523,0.0,0.0,telecom,14.587943852360501,1,0,1,5.860786223465865,5.860786223465865,7.194436851100335,3.367295829986474,0,0.23634663820202154,0.072839398,-0.005729521,1,0.0,0.072839398
347666212,Y,3.295836866004329,8.51057131510735,0.0,0.0,bizservice,16.11835101834929,1,0,1,0.0,0.0,9.158099260130491,1.3862943611198906,0,0.1738702847396332,0.16663218800000001,0.088063269,1,1.0,0.16663218800000001
353941062,Y,2.772588722239781,11.207160884967681,0.2569650997897204,0.2692634869277628,bizservice,12.211632162735405,1,0,1,0.0,0.0,8.60813018640834,2.6390573296152584,0,0.24027886587628788,0.06401114,-0.014557779,1,0.0,0.06401114
1240158733,Y,3.58351893845611,9.693075115575647,0.0,0.0,hospitals,16.872823184713226,1,1,0,0.0,0.0,9.455323689894849,1.3862943611198906,0,0.15193205958108286,0.021815266,-0.056753653,1,0.0,0.021815266
24134375,Y,3.58351893845611,9.312535884290853,0.0,0.0,telecom,16.62990013548376,1,0,1,0.0,0.0,9.455323689894849,0.6931471805599453,0,0.23635446745023858,0.229098929,0.15053001,1,1.0,0.229098929
28282752,Y,4.442651256490317,10.351756689635858,0.0,0.26696903085423934,energy,15.82301521128912,1,0,1,7.601402334583733,7.601402334583733,7.198931240688173,1.3862943611198906,0,0.15663525434938433,0.08121372500000001,-0.07592411299999999,2,0.0,0.04060686250000001
36133055,Y,3.6888794541139363,9.969649754789797,0.0,0.031498667059371016,software,14.866217490904486,1,0,0,0.0,0.0,9.563529246630083,1.3862943611198906,0,0.18549847957071847,0.040018634000000004,-0.038550285,1,0.0,0.040018634000000004
352395432,Y,3.4011973816621555,9.215725844252521,-0.26526847761488087,0.0,bizservice,15.465862069233465,1,0,1,0.0,0.0,9.267287652417933,0.6931471805599453,0,0.1763513898074508,0.055454759,-0.02311416,1,0.0,0.055454759
348300816,Y,4.77912349311153,8.564458383883352,0.06109509935981083,0.06109509935981083,telecom,15.908606576521452,1,0,1,5.017279836814924,5.017279836814924,7.19668657083435,0.6931471805599453,0,0.23344453695133952,0.051543302,-0.027025617,1,0.0,0.051543302
21135666,Y,3.4657359027997265,8.304989580140361,0.0,0.0,orgs,15.969227361375578,1,0,1,0.0,0.0,9.333972932421458,1.791759469228055,0,0.2222739915528893,0.20031037299999999,0.121741454,1,1.0,0.20031037299999999
401877622,Y,1.9459101490553132,11.852870236784687,0.3701832939635246,0.3667242797917339,bizservice,15.41877022427988,1,0,1,0.0,0.0,7.692113339595466,1.0986122886681098,0,0.3116771745850334,0.043827416,-0.034741503,1,0.0,0.043827416
359349490,Y,2.6390573296152584,8.52595469708481,0.0,0.0,telecom,16.532336671186926,1,0,1,0.0,0.0,8.465057436995709,1.3862943611198906,0,0.23326168147979434,0.063432475,-0.015136444,1,0.0,0.063432475
76480699,Y,4.3694478524670215,10.367630290261705,0.2600539053343068,0.3450071390710503,energy,15.780070989949689,1,0,1,0.0,0.0,10.256641304347884,0.6931471805599453,0,0.1627676547819822,0.105197244,0.026628325,1,1.0,0.105197244
36048851,Y,4.07753744390572,10.172139699081104,0.0,0.0,construction,16.50535123410863,1,0,1,6.90875477931522,6.90875477931522,7.198183577101943,2.1972245773362196,0,0.2532559306001347,0.025990808000000004,-0.052578111,1,0.0,0.025990808000000004
343969235,Y,4.276666119016055,10.53810479090567,0.0,0.0,telecom,13.245104766749439,1,0,1,0.0,0.0,10.162615817569847,2.302585092994046,0,0.2338508950867672,0.065971309,-0.091166529,2,0.0,0.0329856545
348419347,Y,2.995732273553991,9.824390231177425,0.3569748989477304,0.4780957991430718,telecom,15.899206910086727,1,0,1,5.860786223465865,5.860786223465865,7.195937226475569,1.791759469228055,0,0.23567174858408593,0.339294085,0.260725166,1,1.0,0.339294085
354474492,Y,3.58351893845611,8.512381634419015,0.0,0.0,construction,16.215193776888487,1,0,1,0.0,0.0,9.455323689894849,1.0986122886681098,0,0.19770647563343416,0.104624534,0.026055615,1,1.0,0.104624534
359514981,Y,2.302585092994046,10.630818744876143,0.0,0.0,telecom,14.795069754795984,1,0,1,9.798182590890704,6.90875477931522,7.195937226475569,1.6094379124341003,0,0.2359587039842052,0.462632514,0.069787919,5,1.0,0.0925265028
30376081,Y,4.2626798770413155,9.771554881275302,0.03052920503482279,0.09531017980432493,telecom,16.312551702736513,1,1,1,6.90875477931522,6.90875477931522,7.179307969504034,0.6931471805599453,0,0.2385748101950163,0.236579875,0.158010956,1,1.0,0.236579875
58411156,Y,3.367295829986474,9.729074639810214,0.0,0.0,telecom,16.02979063758184,1,0,1,6.90875477931522,6.90875477931522,7.193685818395112,2.302585092994046,0,0.23029059411937922,0.362032393,0.047756717,4,1.0,0.09050809825
75727810,Y,2.995732273553991,8.51699317141357,0.0,0.1939206926373065,media,12.385832590863851,1,1,1,0.0,0.0,8.844480518460378,1.791759469228055,0,0.14806363298280226,0.019238333000000003,-0.059330586,1,0.0,0.019238333000000003
5606185,Y,3.9889840465642745,10.177514314164908,-0.07149600170506992,-0.12216763397420753,bizservice,15.78035769365053,1,0,1,6.90875477931522,6.90875477931522,7.194436851100335,2.70805020110221,0,0.2640014196304544,0.008045070000000001,-0.070523849,1,0.0,0.008045070000000001
352189129,Y,3.4965075614664802,9.262932822095353,0.0,0.0,bizservice,16.252176704991328,1,0,1,5.860786223465865,5.860786223465865,7.198183577101943,1.6094379124341003,0,0.17311996114813472,0.1120454,0.033476481,1,1.0,0.1120454
194675030,Y,3.091042453358316,7.9102237070973445,0.0,0.0,bizservice,15.896693582382412,1,0,1,0.0,0.0,8.9445502459405,2.0794415416798357,1,0.16458834985815976,0.145434772,0.066865853,1,1.0,0.145434772
353351969,Y,2.9444389791664403,9.445570584425539,0.0,0.0,telecom,16.03669121655564,1,0,1,5.860786223465865,5.860786223465865,7.193685818395112,1.3862943611198906,0,0.24004341895242812,0.225791674,0.147222755,1,1.0,0.225791674
358583767,Y,2.5649493574615367,8.815221555922163,0.0,0.11332868530700327,construction,15.480790284567892,1,1,0,0.0,0.0,8.385032287813898,0.6931471805599453,0,0.1937598179223042,0.864967827,0.786398908,1,1.0,0.864967827
57033934,Y,3.2188758248682006,9.987185111557695,0.0,0.0,software,16.68170659049418,1,0,1,7.762596048540069,5.860786223465865,7.189922170745808,2.0794415416798357,0,0.18557098467369093,0.06338360900000001,-0.01518531,1,0.0,0.06338360900000001
1936110,Y,3.4657359027997265,8.056743774975313,0.0,0.0,retail,15.25751962461194,1,0,1,0.0,0.0,9.333972932421458,1.3862943611198906,0,0.11625980611586202,0.004027022000000005,-0.074541897,1,0.0,0.004027022000000005
454881960,Y,3.7612001156935624,9.578726471842927,0.0,0.0,finance,16.49170139656433,1,0,1,0.0,0.0,9.637632201310455,1.9459101490553132,0,0.3188475783546608,0.472594544,0.394025625,1,1.0,0.472594544
9306384,Y,3.1354942159291497,9.524128691512443,-0.008032171697264267,-0.008032171697264267,education,14.641392438873714,1,0,1,7.601402334583733,7.601402334583733,7.198183577101943,2.1972245773362196,0,0.2357566382499802,0.042455148,-0.036113771,1,0.0,0.042455148
343552498,Y,3.1780538303479458,8.847934753328465,0.0,0.051643233151838386,education,15.83142826353952,1,0,1,5.860786223465865,5.860786223465865,7.1785454837637,2.3978952727983707,0,0.26795756710400237,0.448310255,0.369741336,1,1.0,0.448310255
28426904,Y,3.6635616461296463,9.101863895640099,0.0,0.0,telecom,16.593490595908715,1,0,1,0.0,0.0,9.53755560876329,1.9459101490553132,0,0.23865776035068875,0.058913563,-0.019655356,1,0.0,0.058913563
539738219,Y,3.2188758248682006,11.992161345529542,0.0,0.0,hospitals,16.58732291641166,1,1,1,0.0,0.0,9.078065332666364,0.6931471805599453,0,0.16716115022563033,0.003347604000000004,-0.075221315,1,0.0,0.003347604000000004
371531285,Y,3.9512437185814275,9.730740018176446,0.0,0.17898265552843995,construction,14.962663455856047,1,0,1,0.0,0.0,9.831776704982127,1.9459101490553132,0,0.27790204339814134,0.031386733,-0.047182186,1,0.0,0.031386733
356103192,Y,2.4849066497880004,8.577347114235984,0.0,0.22314355131420976,energy,15.542142354761435,1,0,1,0.0,0.0,8.298041661371565,1.791759469228055,0,0.31066435266534026,0.054103011,-0.024465908,1,0.0,0.054103011
347009068,Y,3.6375861597263857,8.304742269640771,0.0,0.0,bizservice,15.465862069233465,1,0,0,0.0,0.0,9.510889310134788,0.6931471805599453,0,0.28248725557467697,0.073575099,-0.00499382,1,0.0,0.073575099
50975877,Y,4.276666119016055,8.696008608880904,-0.038740828316430595,0.3285840637722067,telecom,13.55233636559371,1,0,1,0.0,0.0,10.162615817569847,1.6094379124341003,0,0.22776249717050426,0.041745316,-0.036823603,1,0.0,0.041745316
37863465,Y,3.6375861597263857,8.46611040118692,0.0,0.0,media,13.97876226891213,1,0,1,5.017279836814924,5.017279836814924,7.1770187659099,1.0986122886681098,0,0.22274585793056284,0.047890470000000004,-0.030678449,1,0.0,0.047890470000000004
8306975,Y,3.6888794541139363,7.749753406274437,0.0,0.0,telecom,15.465862069233465,1,0,1,0.0,0.0,9.563529246630083,1.0986122886681098,0,0.14842000511827322,0.025388697000000002,-0.053180222,1,0.0,0.025388697000000002
346032199,Y,2.70805020110221,8.423761246623686,0.11778303565638346,0.11778303565638346,telecom,15.755082232695305,1,0,1,5.017279836814924,5.017279836814924,7.198931240688173,1.3862943611198906,0,0.2314807927520382,0.082023228,-0.07511461,2,0.0,0.041011614
2080787,Y,3.871201010907891,7.061334366910438,0.0,0.0,bizservice,15.465862069233465,1,0,1,4.709530201312334,4.709530201312334,6.950814768442584,0.6931471805599453,0,0.2716584229836237,0.031020414000000003,-0.047548505,1,0.0,0.031020414000000003
986585,Y,3.332204510175204,8.508152446764088,0.3569748989477304,0.4054651081081644,bizservice,16.185751495689885,1,0,1,5.860786223465865,5.860786223465865,7.197435354096591,1.9459101490553132,1,0.1690999956022647,0.27905277900000003,0.20048386,1,1.0,0.27905277900000003
10600958,Y,3.2188758248682006,9.323401164260197,0.0,0.0,mfg,16.318459299286324,1,0,1,0.0,0.0,9.078065332666364,2.4849066497880004,1,0.11103160836164261,0.046138428,-0.032430491,1,0.0,0.046138428
1127729591,Y,3.367295829986474,8.087332926473351,0.0,0.0,telecom,15.077806231222427,1,0,1,0.0,0.0,9.232199706329077,1.3862943611198906,0,0.2265276492984503,0.10296730800000001,0.024398389,1,1.0,0.10296730800000001
72188869,Y,3.2188758248682006,8.132118772955806,0.0,0.0,bizservice,11.908979763324206,1,0,1,0.0,0.0,9.078065332666364,1.0986122886681098,0,0.3102874576261459,0.44790693600000003,0.369338017,1,1.0,0.44790693600000003
24775647,Y,3.258096538021482,8.316300249036848,0.0,0.0,telecom,14.800054527863976,1,1,1,5.860786223465865,5.860786223465865,7.198931240688173,1.6094379124341003,0,0.21272843428571586,0.060057478,-0.018511441,1,0.0,0.060057478
398108650,Y,2.3978952727983707,7.9868449011613825,0.0,0.0,software,13.525728949695504,1,0,1,5.883322388488279,5.342334251964811,6.885509670034818,1.3862943611198906,0,0.17810086918972448,0.06997748200000001,-0.008591437,1,0.0,0.06997748200000001
357451469,Y,2.833213344056216,8.400209835930418,0.0,0.20782684720231653,telecom,13.821747070430053,1,0,1,0.0,0.0,8.67265729404031,1.6094379124341003,0,0.23235142713473309,0.24140434,0.162835421,1,1.0,0.24140434
44583978,Y,2.3978952727983707,7.342131730584722,0.0,0.0,bizservice,15.465862069233465,1,0,1,0.0,0.0,8.202756381655638,1.0986122886681098,0,0.17130375905350773,0.145456535,0.066887616,1,1.0,0.145456535
368816466,Y,2.302585092994046,7.941651252930556,0.0,0.0,telecom,16.625754224912225,1,0,1,5.017279836814924,5.017279836814924,7.193685818395112,1.0986122886681098,1,0.23424916772671903,0.07400125,-0.004567669,1,0.0,0.07400125
575162,Y,3.4011973816621555,8.280711075662847,0.05732506661926935,-0.10536051565782628,bizservice,16.59952302999272,1,0,1,0.0,0.0,9.267287652417933,1.6094379124341003,0,0.17228039529446404,0.036571626,-0.041997293,1,0.0,0.036571626
348058664,Y,3.58351893845611,8.983816112502495,0.0,0.14842000511827322,finance,16.484595650576882,1,0,1,5.860786223465865,5.860786223465865,7.191429330036379,0.6931471805599453,0,0.31140025847723585,0.068817845,-0.009751074,1,0.0,0.068817845
372121937,Y,4.51085950651685,10.001611950529327,0.0,0.0,finance,16.82543001580275,1,1,1,5.860786223465865,5.860786223465865,7.191429330036379,1.791759469228055,0,0.3175973467209015,0.038369349000000004,-0.04019957,1,0.0,0.038369349000000004
7327933,Y,2.9444389791664403,8.397508348470257,0.0,0.0,telecom,16.461486470323855,1,0,1,0.0,0.0,8.790421306897867,1.3862943611198906,0,0.22877032452172463,0.005275506999999999,-0.073293412,1,0.0,0.005275506999999999
358761696,Y,2.9444389791664403,8.889859587773016,0.0,0.14323416808590775,telecom,14.179506934685195,1,0,1,0.0,0.0,8.790421306897867,1.6094379124341003,0,0.23086559740812007,0.09486762900000001,0.01629871,1,1.0,0.09486762900000001
357922436,Y,2.5649493574615367,8.633908991112198,0.0,0.04879016416943205,telecom,14.397152829126444,1,1,1,6.923628628138427,6.923628628138427,8.114922974204593,0.6931471805599453,1,0.2316713180680849,0.007015539000000001,-0.07155338,1,0.0,0.007015539000000001
47563467,Y,3.58351893845611,11.425110128528152,0.0,-0.13124828660995402,bizservice,15.465862069233465,1,0,1,7.601402334583733,7.601402334583733,7.181591944611865,2.797281334830153,0,0.17181639384126704,2.367424699,2.2102868609999997,2,1.0,1.1837123495
480086,Y,3.1354942159291497,8.289037098278483,0.0,0.0,mfg,16.327432162268327,1,0,1,0.0,0.0,8.991064332188461,2.797281334830153,0,0.23088734221111307,0.055134316,-0.023434603,1,0.0,0.055134316
43698125,Y,3.2188758248682006,8.160803920954665,0.0,0.0,telecom,13.387709346016704,1,1,1,5.860786223465865,5.860786223465865,7.19668657083435,2.4849066497880004,0,0.22122232113631587,0.098307241,0.019738322,1,1.0,0.098307241
409559741,Y,2.3978952727983707,8.356789669923213,0.0,0.0,telecom,12.146980598720484,1,1,1,0.0,0.0,8.202756381655638,1.0986122886681098,0,0.23629941655217412,0.008396026000000001,-0.070172893,1,0.0,0.008396026000000001
363774838,Y,2.9444389791664403,7.639161171659173,0.0,0.0,telecom,15.465862069233465,1,0,1,4.454347296253507,4.454347296253507,6.889591308354466,1.0986122886681098,0,0.224467178244718,0.010829856999999998,-0.067739062,1,0.0,0.010829856999999998
24609912,Y,2.833213344056216,8.347827345782498,-0.060812139396757475,-0.060812139396757475,bizservice,15.465862069233465,1,1,1,5.017279836814924,5.017279836814924,7.189922170745808,1.0986122886681098,1,0.17306721333403352,2.788923266,2.631785428,2,1.0,1.394461633
458078443,Y,3.044522437723423,9.248021438943871,0.31042155942127025,0.9162907318741551,bizservice,15.688826511604422,1,0,1,5.860786223465865,5.860786223465865,7.198931240688173,0.6931471805599453,0,0.17399730281186762,0.164123292,0.085554373,1,1.0,0.164123292
344958910,Y,3.871201010907891,8.397057390176256,0.0,0.0,realestate,13.786093075736586,1,0,1,0.0,0.0,9.75010324563677,2.302585092994046,1,0.1716531154770311,0.012323294999999998,-0.066245624,1,0.0,0.012323294999999998
66504682,Y,3.332204510175204,8.317033476492403,0.054488185284069776,0.37980536132758674,telecom,16.59227019483377,1,0,1,0.0,0.0,9.1958356857733,0.6931471805599453,0,0.22891900477237595,0.026141457,-0.052427462,1,0.0,0.026141457
346375656,Y,3.044522437723423,8.435983135990694,0.0,0.0,hospitals,15.465862069233465,1,1,1,5.017279836814924,5.017279836814924,7.195937226475569,2.4849066497880004,0,0.1679554728619298,0.053570326,-0.024998593,1,0.0,0.053570326
60393187,Y,3.1780538303479458,8.355379895253634,0.0,0.0,telecom,16.502810623025635,1,0,0,0.0,0.0,9.035510680940524,0.6931471805599453,0,0.2307271795243085,0.199637277,0.121068358,1,1.0,0.199637277
346650256,Y,2.4849066497880004,7.513163545234075,0.0,0.0,telecom,15.465862069233465,1,0,1,0.0,0.0,8.298041661371565,1.0986122886681098,0,0.23493150706625202,0.037760205,-0.040808714,1,0.0,0.037760205
347952499,Y,2.302585092994046,8.32093496888341,0.0,0.0,bizservice,16.810078053427567,1,0,1,0.0,0.0,8.097426298597213,1.791759469228055,0,0.1823215567939546,0.023133726,-0.055435193,1,0.0,0.023133726
347030984,Y,2.9444389791664403,6.881411303642535,0.0,0.0,bizservice,15.465862069233465,1,0,1,0.0,0.0,8.790421306897867,1.3862943611198906,0,0.16955930518010334,0.035992524,-0.042576395,1,0.0,0.035992524
41865924,Y,2.3978952727983707,6.955592608396297,0.0,0.0,telecom,15.465862069233465,1,0,1,0.0,0.0,8.202756381655638,1.791759469228055,0,0.224467178244718,0.039352410000000004,-0.039216509,1,0.0,0.039352410000000004
347178112,Y,2.772588722239781,8.271804031154709,0.0,0.0,software,15.617316228037282,1,0,1,5.017279836814924,5.017279836814924,7.19668657083435,0.6931471805599453,0,0.17758701971184268,0.031042714,-0.047526205,1,0.0,0.031042714
2361221,Y,2.4849066497880004,7.1846291527173145,0.0,0.0,telecom,15.465862069233465,1,0,1,0.0,0.0,8.298041661371565,1.3862943611198906,0,0.23180161405732438,0.024920209999999998,-0.053648709,1,0.0,0.024920209999999998
358511632,Y,2.302585092994046,9.898324245579248,0.0,0.0,bizservice,15.010595683622158,1,0,1,0.0,0.0,8.097426298597213,1.791759469228055,0,0.23661783378303516,0.005107114999999995,-0.073461804,1,0.0,0.005107114999999995
346097446,Y,2.70805020110221,7.876258882303226,0.0,0.0,bizservice,16.752858295709665,1,0,0,0.0,0.0,8.53915035876828,1.791759469228055,0,0.142500062607283,0.034799817000000004,-0.043769102,1,0.0,0.034799817000000004
31492511,Y,2.995732273553991,8.684401110400144,0.0,0.0,bizservice,16.870988478914548,1,1,1,0.0,0.0,8.844480518460378,1.6094379124341003,0,0.2932018656753788,0.032904877,-0.045664042,1,0.0,0.032904877
395433627,Y,3.044522437723423,7.10085190894405,0.0,0.0,telecom,15.465862069233465,1,0,1,4.060443010546419,4.060443010546419,6.953684210870537,1.0986122886681098,0,0.22897447162500295,0.064692337,-0.013876582,1,0.0,0.064692337
481308494,Y,1.791759469228055,7.457609289715606,0.0,0.0,bizservice,15.465862069233465,1,0,0,0.0,0.0,7.509883061154913,2.797281334830153,0,0.27679626480652975,0.041861765,-0.036707154,1,0.0,0.041861765
348444916,Y,2.70805020110221,6.855408798609928,0.0,0.0,bizservice,15.465862069233465,1,0,1,0.0,0.0,8.53915035876828,1.3862943611198906,1,0.17095779814363948,0.0318418,-0.046727119,1,0.0,0.0318418
369901924,Y,3.6375861597263857,8.068402958569699,0.0,0.0,consumerservices,15.465862069233465,1,0,1,0.0,0.0,9.510889310134788,1.0986122886681098,0,0.2314970841729762,0.160890968,0.082322049,1,1.0,0.160890968
464393491,Y,2.1972245773362196,8.416267272826277,0.0,0.0,media,15.01186854300544,1,0,1,0.0,0.0,7.979681302387741,1.0986122886681098,0,0.23056932801105937,0.12671416400000002,0.048145245,1,1.0,0.12671416400000002
356937887,Y,3.044522437723423,8.236685322712457,0.0,0.0,telecom,15.032975532231461,1,1,1,0.0,0.0,8.895766604056085,1.3862943611198906,0,0.2348838868848101,0.082244944,0.003676025,1,1.0,0.082244944
371692234,Y,3.091042453358316,8.021912778985708,0.0,0.0,telecom,14.90456296287816,1,1,1,0.0,0.0,8.9445502459405,1.0986122886681098,0,0.2368911013198011,0.16580930900000002,0.08724039,1,1.0,0.16580930900000002
2048323,Y,3.58351893845611,9.795679599901822,0.0,0.0,bizservice,15.434189638964309,1,0,1,6.322565239927284,5.332718793265369,6.905753276311464,2.4849066497880004,0,0.23727449551144011,0.028377534000000003,-0.050191385,1,0.0,0.028377534000000003
345602222,Y,3.2188758248682006,7.158513997329321,0.0,0.0,telecom,15.465862069233465,1,1,1,4.219507705176107,4.219507705176107,6.932447891572509,0.6931471805599453,0,0.23233197736861597,0.042796488,-0.035772431,1,0.0,0.042796488
352939663,Y,2.833213344056216,8.199189359078067,0.0,0.0,bizservice,16.37700348731603,1,0,1,0.0,0.0,8.67265729404031,1.0986122886681098,0,0.18084117162352037,0.014633757999999997,-0.063935161,1,0.0,0.014633757999999997
355685503,Y,3.044522437723423,7.7102051944325325,0.0,0.0,bizservice,16.40866193506996,1,0,1,5.017279836814924,5.017279836814924,7.191429330036379,1.6094379124341003,0,0.17071910617449107,0.048837448000000006,-0.029731471,1,0.0,0.048837448000000006
18059723,Y,2.4849066497880004,7.10002716662926,0.0,0.0,telecom,15.465862069233465,1,0,1,0.0,0.0,8.298041661371565,1.0986122886681098,0,0.22543976357455991,0.113741327,0.035172408,1,1.0,0.113741327
449909523,Y,3.58351893845611,6.828712071641684,0.0,0.0,bizservice,15.465862069233465,1,0,1,0.0,0.0,9.455323689894849,2.797281334830153,0,0.17062551703076326,0.137257406,0.058688487,1,1.0,0.137257406
356789339,Y,2.70805020110221,10.627018437730513,0.0,0.0,bizservice,14.325004695696027,1,0,1,12.376574625518787,11.51293546492023,8.345930261979017,2.3978952727983707,0,0.23782996590395478,0.10459647799999999,0.026027559,1,1.0,0.10459647799999999
346699408,Y,3.2188758248682006,8.412943170042439,0.0,0.0,media,15.704466003521715,1,0,1,0.0,0.0,9.078065332666364,1.0986122886681098,0,0.1799434343889872,0.133929626,0.055360707,1,1.0,0.133929626
129958172,Y,3.1354942159291497,7.367708572374371,0.0,0.0,transportation,15.465862069233465,1,0,1,0.0,0.0,8.991064332188461,1.0986122886681098,0,0.2133395512175889,0.031428134,-0.047140785,1,0.0,0.031428134
396037566,Y,2.995732273553991,8.359134886757962,0.0,0.0,telecom,16.668615971683366,1,1,1,5.017279836814924,5.017279836814924,7.1808311990445555,1.0986122886681098,0,0.23629941655217412,0.076742978,-0.001825941,1,0.0,0.076742978
372021714,Y,3.58351893845611,7.237059026124737,0.0,0.0,telecom,15.465862069233465,1,0,1,0.0,0.0,9.455323689894849,0.6931471805599453,0,0.2377728613301688,0.028136432000000003,-0.050432487,1,0.0,0.028136432000000003
369784430,Y,2.4849066497880004,8.578476419833136,0.0,0.0,bizservice,15.465862069233465,1,0,1,0.0,0.0,8.298041661371565,1.0986122886681098,0,0.17559101106512767,0.0043025890000000094,-0.152835249,2,0.0,0.0021512945000000047
482494619,Y,3.58351893845611,7.140453043101158,0.0,0.0,telecom,16.156774967582944,1,0,1,0.0,0.0,9.455323689894849,0.6931471805599453,0,0.2275781483820755,0.066671646,-0.011897273,1,0.0,0.066671646
346804740,Y,3.1780538303479458,7.4067107301776405,0.0,0.0,software,15.465862069233465,1,0,1,0.0,0.0,9.035510680940524,0.6931471805599453,0,0.1785141004673732,0.021566797999999998,-0.057002121,1,0.0,0.021566797999999998
347508846,Y,2.995732273553991,7.843064016692054,0.0,0.0,software,15.465862069233465,1,0,1,0.0,0.0,8.844480518460378,1.0986122886681098,0,0.18056563009168977,0.0075166599999999945,-0.071052259,1,0.0,0.0075166599999999945
343557306,Y,3.091042453358316,8.846209127360996,0.0,0.0,telecom,16.56719983787612,1,0,1,0.0,0.0,8.9445502459405,1.0986122886681098,1,0.22893256837959053,0.19262233,0.114053411,1,1.0,0.19262233
355569639,Y,2.6390573296152584,6.7226297948554485,0.0,0.0,media,15.465862069233465,1,0,1,0.0,0.0,8.465057436995709,1.9459101490553132,0,0.22314355131420976,0.017169198000000004,-0.061399721,1,0.0,0.017169198000000004
346774408,Y,3.295836866004329,8.098338846189057,0.0,0.0,telecom,16.833355484727363,1,0,1,0.0,0.0,9.158099260130491,1.0986122886681098,0,0.22314355131420976,2.488378594,2.409809675,1,1.0,2.488378594
347008324,Y,3.4339872044851463,8.868694776580972,0.0,0.3428802329165432,telecom,15.937808982374303,1,0,1,0.0,0.0,9.301186055275759,1.3862943611198906,0,0.2298272797536067,0.043380753,-0.035188166,1,0.0,0.043380753
354561884,Y,3.4339872044851463,9.012011377036412,0.0,0.0,telecom,16.321143101517226,1,1,1,0.0,0.0,9.301186055275759,1.791759469228055,0,0.23514473892389945,0.097721068,0.019152149,1,1.0,0.097721068
371626310,Y,3.58351893845611,10.129108033725231,0.09893994785490365,0.12044615307586726,education,16.382620425994983,1,0,0,0.0,0.0,9.455323689894849,0.6931471805599453,0,0.3455069308348901,0.014819884000000005,-0.063749035,1,0.0,0.014819884000000005
53350801,Y,3.4657359027997265,7.389563953677635,0.0,0.0,telecom,16.47178419002581,1,0,1,0.0,0.0,9.333972932421458,1.3862943611198906,0,0.23013658680518037,0.040783450000000006,-0.116354388,2,0.0,0.020391725000000003
470768560,Y,4.174387269895637,9.7881328161731,0.0,0.0,telecom,15.56793806785142,1,0,1,0.0,0.0,10.058823244245096,1.6094379124341003,0,0.23043112813454042,0.15091178500000002,-0.084794972,3,0.0,0.05030392833333334
357078909,Y,3.044522437723423,8.000684784514748,0.0,0.0,bizservice,15.465862069233465,1,0,1,0.0,0.0,8.895766604056085,1.0986122886681098,0,0.28768207245178085,0.40026230300000004,0.321693384,1,1.0,0.40026230300000004
369209280,Y,2.302585092994046,7.138866999945524,0.0,0.0,telecom,15.465862069233465,1,0,1,0.0,0.0,8.097426298597213,0.6931471805599453,0,0.216807732865124,0.047497250000000005,-0.345347345,5,0.0,0.009499450000000001
79530569,Y,3.091042453358316,8.19229373114764,0.0,0.0,telecom,16.556712322904918,1,0,1,0.0,0.0,8.9445502459405,1.0986122886681098,0,0.23798240389950834,0.035328378,-0.043240541,1,0.0,0.035328378
372048755,Y,3.58351893845611,8.366370301681654,0.0,0.0,telecom,16.6801306815934,1,0,1,0.0,0.0,9.455323689894849,0.6931471805599453,0,0.23231191940108908,0.089593299,0.01102438,1,1.0,0.089593299
466915299,Y,3.58351893845611,8.622093601241607,0.0,0.0,government,15.421981673806371,1,0,1,0.0,0.0,9.455323689894849,0.6931471805599453,0,0.31819761637773136,0.891322921,0.812754002,1,1.0,0.891322921
397896710,Y,1.791759469228055,8.343553835005117,0.0,0.0,mfg,16.77911780433634,1,0,1,3.6635616461296463,3.6635616461296463,6.953684210870537,2.797281334830153,0,0.22876618891518627,0.024748426000000004,-0.053820493,1,0.0,0.024748426000000004
348481318,Y,3.332204510175204,8.708474489581665,0.0,0.14323416808590775,telecom,15.470011315785284,1,0,1,0.0,0.0,9.1958356857733,2.1972245773362196,0,0.23638877806423034,0.046954812,-0.031614107,1,0.0,0.046954812
38147372,Y,3.332204510175204,7.103322062526113,0.0,0.0,media,16.707410702837347,1,0,1,0.0,0.0,9.1958356857733,1.0986122886681098,0,0.1793409286558168,0.025132760000000004,-0.053436159,1,0.0,0.025132760000000004
356050257,Y,3.58351893845611,8.777555453213056,0.0,0.0,government,15.465862069233465,1,0,0,0.0,0.0,9.455323689894849,2.797281334830153,0,0.18515441987825865,0.071940264,-0.006628655,1,0.0,0.071940264
437199885,Y,2.302585092994046,8.293299358711323,0.0,0.0,telecom,15.465862069233465,1,1,1,0.0,0.0,8.097426298597213,1.0986122886681098,0,0.2361026959567149,0.036490304,-0.042078615,1,0.0,0.036490304
470674229,Y,1.3862943611198906,8.611593866837723,0.0,0.0,telecom,15.465862069233465,1,0,1,0.0,0.0,6.999422467507961,1.3862943611198906,0,0.23925801968415183,0.174803037,0.096234118,1,1.0,0.174803037
480576863,Y,3.58351893845611,7.302496423727326,0.0,0.0,telecom,15.465862069233465,1,1,0,0.0,0.0,9.455323689894849,0.6931471805599453,0,0.14186091787735278,0.022054849,-0.05651407,1,0.0,0.022054849
462258491,Y,2.4849066497880004,6.6895992691789665,0.0,0.0,healthservices,15.465862069233465,1,1,1,0.0,0.0,8.298041661371565,1.0986122886681098,0,0.16154442885219658,0.053881928,-0.024686991,1,0.0,0.053881928
474232922,Y,1.9459101490553132,7.564238475170491,0.0,0.0,telecom,15.465862069233465,1,0,0,0.0,0.0,7.692113339595466,0.6931471805599453,0,0.14728370005308147,0.014658918000000007,-0.063910001,1,0.0,0.014658918000000007
374926591,Y,3.58351893845611,8.429672593886743,0.0,0.0,telecom,15.465862069233465,1,0,1,0.0,0.0,9.455323689894849,2.3978952727983707,0,0.23079469804972957,0.045563697,-0.033005222,1,0.0,0.045563697
540704615,Y,3.58351893845611,7.476472381163905,0.0,0.0,bizservice,15.002975860101383,1,0,0,0.0,0.0,9.455323689894849,2.797281334830153,0,0.28593839284695405,0.005262117999999996,-0.073306801,1,0.0,0.005262117999999996
79696467,Y,3.5263605246161616,8.27410200229233,-0.0650719967437148,0.06859279146561167,software,16.48399020339211,1,0,1,0.0,0.0,9.396487933603666,1.6094379124341003,0,0.18095263118661298,0.086810728,0.008241809,1,1.0,0.086810728
226853350,Y,2.995732273553991,7.065613363597717,0.0,0.0,bizservice,15.465862069233465,1,0,0,0.0,0.0,8.844480518460378,1.0986122886681098,0,0.1684645221325284,0.019785606000000004,-0.058783313,1,0.0,0.019785606000000004
42975513,Y,3.1354942159291497,6.858565034791365,0.0,0.0,bizservice,15.465862069233465,1,0,1,4.672828834461906,4.672828834461906,6.948897222313312,1.0986122886681098,0,0.17095779814363948,0.041837955,-0.036730964,1,0.0,0.041837955
354177597,Y,2.302585092994046,8.618485442898109,0.0,0.0,telecom,16.830545824213942,1,0,1,0.0,0.0,8.097426298597213,2.3978952727983707,0,0.2286698150643283,0.013957467000000001,-0.300318209,4,0.0,0.0034893667500000003
414800196,Y,3.58351893845611,7.295735072749282,0.0,0.0,bizservice,15.465862069233465,1,0,1,0.0,0.0,9.455323689894849,0.6931471805599453,0,0.17463603270912412,0.051997261,-0.026571658,1,0.0,0.051997261
145228615,Y,2.8903717578961645,8.574895901544526,-0.060812139396757475,0.0,telecom,16.276074821325558,1,0,1,0.0,0.0,8.733271845008325,1.6094379124341003,0,0.2341785172806408,0.021423069000000003,-0.05714585,1,0.0,0.021423069000000003
344387689,Y,2.8903717578961645,8.781708985836179,0.0,0.0,telecom,15.465862069233465,1,0,1,0.0,0.0,8.733271845008325,1.791759469228055,0,0.24116205681688804,0.084863745,0.006294826,1,1.0,0.084863745
366182431,Y,2.3978952727983707,7.0630481633881725,0.0,0.0,telecom,15.465862069233465,1,0,1,0.0,0.0,8.202756381655638,1.0986122886681098,0,0.22903334537027323,0.082820571,0.004251652,1,1.0,0.082820571
372175531,Y,3.58351893845611,8.281977058867758,0.0,0.0,media,16.117732384985224,1,1,0,0.0,0.0,9.455323689894849,0.6931471805599453,0,0.2344573112144832,0.084226992,0.005658073,1,1.0,0.084226992
347198798,Y,2.772588722239781,7.411556287811163,0.0,0.0,media,14.872295485789618,1,0,1,0.0,0.0,8.60813018640834,0.6931471805599453,0,0.22990033377708954,0.050902762000000004,-0.027666157,1,0.0,0.050902762000000004
32080939,Y,3.1354942159291497,5.4510384535657,0.0,0.0,consumerservices,15.465862069233465,1,1,0,0.0,0.0,8.991064332188461,0.6931471805599453,0,0.21706450523782758,0.035480572,-0.043088347,1,0.0,0.035480572
39371338,Y,3.091042453358316,7.5740450053721995,0.0,0.0,finance,15.465862069233465,1,0,0,0.0,0.0,8.9445502459405,2.797281334830153,0,0.14049036294882608,0.164841307,0.086272388,1,1.0,0.164841307
441325878,Y,2.3978952727983707,6.816735880594968,0.0,0.0,software,15.465862069233465,1,0,1,0.0,0.0,8.202756381655638,1.3862943611198906,0,0.17007458318398144,0.023647232000000004,-0.054921687,1,0.0,0.023647232000000004
